INSERT INTO web_ui.employee (id, last_name, first_name, second_name, date_of_birth, education)
VALUES
       (1, 'Петрова', 'Ольга', 'Сергеевна', DATE '1950-07-07', 'высшее юридическое'), -- раб нот
       (2, 'Симонова', 'Мария', 'Ивановна', DATE '1970-07-07', 'высшее юридическое'), -- раб нот
        (3, 'Иванова', 'Ольга', 'Николаевна', DATE '1950-07-07', 'высшее юридическое'), -- не раб нот
        (4, 'Краснова', 'Мария', 'Павловна', DATE '1970-07-07', 'высшее юридическое'), -- раб ио
        (5, 'Белоусова', 'Станислава', 'Ярославовна', DATE '1973-07-07', 'высшее юридическое'), -- не раб ио
        (6, 'Симонова', 'Мария', 'Ивановна', DATE '1970-07-07', 'высшее юридическое'), -- раб нот
        (7, 'Кортикова', 'Светлана', 'Константиновна', DATE '1960-07-07', 'высшее юридическое'), -- раб нот
        (8, 'Утюжок', 'Надежда', 'Спиридоновна', DATE '1985-07-07', 'высшее юридическое'), -- раб ио
        (9, 'Гвардишвили', 'Ипполит', 'Аполлонович', DATE '1980-07-07', 'высшее юридическое'), -- раб нот
        (10, 'Кузнецова', 'Екатерина', 'Сергеевна', DATE '1960-07-07', 'высшее техническое'),
        (11, 'Деменко', 'Александра', 'Васильевна', DATE '1970-07-07', 'высшее юридическое'),
        (12, 'Горшкова', 'Юлия', 'Вадимовна', DATE '1980-07-07', 'высшее юридическое'),
        (13, 'Ахполов', 'Петр', 'Кузьмич', DATE '1990-07-07', 'среднее техническое'),
        (14, 'Верхова', 'Дарья', 'Кузьминична', DATE '1995-07-07', 'среднее гуманитарное'),
        (15, 'Щукина', 'Кристина', 'Кирилловна', DATE '2000-07-07', 'высшее гуманитарное'),
        (16, 'Петрова', 'Екатерина', 'Сергеевна', DATE '1970-07-07', 'высшее юридическое'),
        (17, 'Симонова', 'Александра', 'Васильевна', DATE '1970-07-07', 'высшее юридическое'),
        (18, 'Круглова', 'Юлия', 'Вадимовна', DATE '1980-07-07', 'высшее юридическое'),
        (19, 'Трындин', 'Сергей', 'Кузьмич', DATE '1990-07-07', 'среднее техническое'),
        (20, 'Часовая', 'Дарья', 'Кузьминична', DATE '1995-07-07', 'среднее гуманитарное'),
        (21, 'Мышкина', 'Кристина', 'Кирилловна', DATE '2000-07-07', 'высшее гуманитарное'),
        (22, 'Каменева', 'Дарья', 'Кузьминична', DATE '1995-07-07', 'среднее гуманитарное');

INSERT INTO web_ui.license (id, number_license, date_of_issue, issuing_authority, terminated, id_employee, status)
VALUES
    (1,111, DATE '1995-01-01', 'Минюст Самара', true, 1, TRUE),
    (2,222, DATE '2000-02-02', 'Минюст Саратов', true, 2, TRUE),
    (3,333, DATE '1998-03-03', 'Минюст Сахалин', FALSE, 3, TRUE),
    (4,444, DATE '2007-09-09', 'Минюст Москва', true, 4, FALSE),
    (5,555, DATE '2015-07-07', 'Минюст Ульяновск', FALSE, 5, FALSE),
    (6,666, DATE '1995-01-01', 'Минюст Самара', true, 6, TRUE),
    (7,777, DATE '2000-02-02', 'Минюст Саратов', true, 7, TRUE),
    (8,888, DATE '1995-01-01', 'Минюст Самара', true, 8, FALSE),
    (9,999, DATE '2000-02-02', 'Минюст Саратов', true, 9, TRUE);

INSERT INTO web_ui.country (id, region, locality, district) VALUES
    (1, 'Самарская область', 'Самара', 'Самара'),
    (2, 'Самарская область', 'Пестравский район', 'Пестравка'),
    (3, 'Саратовская область', 'Саратов', 'Саратов'),
    (4, 'Саратовская область', 'Балаковский район', 'Балаково'),
    (5, 'Саратовская область', 'Ивантеевский район', 'Марьевка'),
    (6, 'Москва', 'Москва', 'Москва'),
    (7, 'Сахалинская область', 'Курильский район', 'Курильск'),
    (8, 'Ульяновская область', 'Ульяновск', 'Ульяновск'),
    (9, 'Самарская область', 'Самара', 'Управленческий');

INSERT INTO web_ui.office (id, id_country, street, house, room, telephone, residential, flor, ramp, status, location,
                    dining_room, rest_room, sanitary_room, year_of_repair, number_of_computers)
VALUES
    (1, 1, 'Ленина', 1, 1, 12345, TRUE, 1, TRUE, 'собственность', 'в многоквартирном доме', TRUE, TRUE, TRUE, DATE '2022-01-01', 5),
    (2, 9, 'Лазо', 5, 713, 334862, FALSE, 5, FALSE, 'аренда',  'в офисном здании', FALSE, FALSE, FALSE, DATE '2000-01-01', 3),
    (3, 2, 'Ленина', 1, 1, 314314, TRUE, 1, FALSE, 'собственность',  'отдельностоящее здание', TRUE, TRUE, TRUE, DATE '2015-01-01', 4),
    (4, 3, 'Трнавская', 17, 1, 41365, FALSE, 1, TRUE, 'безвозмездное пользование',  'в многоквартирном доме', FALSE, FALSE, TRUE, DATE '2010-01-01', 5),
    (5, 4, 'Центральная', 5, 25, 563541, TRUE, 1, TRUE, 'собственность',  'в офисном здании', TRUE, TRUE, TRUE, DATE '2005-01-01', 7);

insert into web_ui.notarial_office (id_office, id_employee)
values
       (1, 1),
       (1, 2),
       (2, 2),
       (3, 3),
       (3, 1),
       (4, 4),
       (5, 5),
       (1, 6),
       (2, 7),
       (3, 8),
       (4, 9),
       (5, 10),
       (1, 11),
       (2, 12),
       (3, 13),
       (4, 14),
       (5, 15),
       (1, 16),
       (2, 17),
       (3, 18),
       (4, 19),
       (5, 20),
       (4, 21),
       (5, 22);

INSERT INTO web_ui."order" (id, order_number, order_date, content_order, issuing_authority_order, start_date, id_employee)
VALUES
    (1, 1111, DATE '1995-02-02', 'о назначении', 'Палата Самара', DATE '1995-02-02', 1),
    (2, 2222, DATE '2000-03-03', 'о назначении', 'Палата Саратов', DATE '2000-03-03', 2),
    (3, 3333, DATE '1998-04-04', 'о назначении', 'Палата Сахалин', DATE '1998-04-04', 3),
    (4, 4444, DATE '2007-10-10', 'о назначении', 'Палата Москва', DATE '2007-10-10', 4),
    (5, 5555, DATE '2015-08-08', 'о назначении', 'Палата Ульяновск', DATE '2015-08-08', 5),
    (6, 6666, DATE '1995-02-02', 'о назначении', 'Палата Самара', DATE '1995-02-02', 6),
    (7, 7777, DATE '2000-03-03', 'о назначении', 'Палата Саратов', DATE '2000-03-03', 7),
    (8, 8888, DATE '1995-02-02', 'о назначении', 'Палата Ульяновск', DATE '1995-02-02', 8),
    (9, 9999, DATE '2000-03-03', 'о назначении', 'Палата Саратов', DATE '2000-03-03', 9),
    (10, 1010, DATE '2020-01-01', 'о приеме', 'Минюст Самара', DATE '2020-01-01', 10),
    (11, 1011, DATE '2020-01-01', 'о приеме', 'Минюст Самара', DATE '2020-01-01', 11),
    (12, 1012, DATE '2020-01-01', 'о приеме', 'Минюст Саратов', DATE '2020-01-01', 12),
    (13, 1013, DATE '2020-01-01', 'о приеме', 'Минюст Саратов', DATE '2020-01-01', 13),
    (14, 1014, DATE '2020-01-01', 'о приеме', 'Минюст Сахалин', DATE '2020-01-01', 14),
    (15, 1015, DATE '2020-01-01', 'о приеме', 'Минюст Сахалин', DATE '2020-01-01', 15),
    (16, 1016, DATE '2020-01-01', 'о приеме', 'Минюст Ульяновск', DATE '2020-01-01', 16),
    (17, 1017, DATE '2020-01-01', 'о приеме', 'Минюст Ульяновск', DATE '2020-01-01', 17),
    (18, 1018, DATE '2020-01-01', 'о приеме', 'Минюст Москва', DATE '2020-01-01', 18),
    (19, 1019, DATE '2020-01-01', 'о приеме', 'Минюст Москва', DATE '2020-01-01', 19),
    (20, 2020, DATE '2020-01-01', 'о приеме', 'Минюст Самара', DATE '2020-01-01', 20),
    (21, 2021, DATE '2020-01-01', 'о приеме', 'Минюст Саратов', DATE '2020-01-01', 21),
    (22, 2022, DATE '2020-01-01', 'о приеме', 'Минюст Самара', DATE '2020-01-01', 22),
    (23, 2023, DATE '1998-07-05', 'о прекращении', 'Палата Сахалин', DATE '1998-07-05', 3),
    (24, 2024, DATE '2019-12-31', 'о прекращении', 'Палата Ульяновск', DATE '2019-12-31', 5),
    (25, 2025, DATE '1998-04-04', 'о увольнении', 'Палата Самара', DATE '2020-03-03', 10),
    (26, 2026, DATE '1998-04-04', 'о увольнении', 'Палата Саратов', DATE '2021-08-08', 12),
    (27, 2027, DATE '1998-04-04', 'о приеме', 'Палата Саратов', DATE '2022-01-03', 10);

